word,frequency,start_date,end_date,rank
eu,83,01/01/2020,09/01/2020,1
brexit,80,01/01/2020,09/01/2020,2
amp,72,01/01/2020,09/01/2020,3
dont,70,01/01/2020,09/01/2020,4
peopl,65,01/01/2020,09/01/2020,5
think,60,01/01/2020,09/01/2020,6
like,59,01/01/2020,09/01/2020,7
know,55,01/01/2020,09/01/2020,8
doesnt,53,01/01/2020,09/01/2020,9
care,52,01/01/2020,09/01/2020,10
time,51,01/01/2020,09/01/2020,11
lie,51,01/01/2020,09/01/2020,12
vote,51,01/01/2020,09/01/2020,13
want,49,01/01/2020,09/01/2020,14
hes,47,01/01/2020,09/01/2020,15
iran,47,01/01/2020,09/01/2020,16
onli,46,01/01/2020,09/01/2020,17
trump,42,01/01/2020,09/01/2020,18
deal,41,01/01/2020,09/01/2020,19
countri,41,01/01/2020,09/01/2020,20
brexit,102,11/01/2020,19/01/2020,1
amp,73,11/01/2020,19/01/2020,2
like,67,11/01/2020,19/01/2020,3
peopl,65,11/01/2020,19/01/2020,4
eu,63,11/01/2020,19/01/2020,5
think,61,11/01/2020,19/01/2020,6
dont,58,11/01/2020,19/01/2020,7
countri,53,11/01/2020,19/01/2020,8
whi,52,11/01/2020,19/01/2020,9
know,52,11/01/2020,19/01/2020,10
time,41,11/01/2020,19/01/2020,11
right,41,11/01/2020,19/01/2020,12
want,40,11/01/2020,19/01/2020,13
vote,39,11/01/2020,19/01/2020,14
im,38,11/01/2020,19/01/2020,15
tori,38,11/01/2020,19/01/2020,16
trump,37,11/01/2020,19/01/2020,17
govern,35,11/01/2020,19/01/2020,18
year,35,11/01/2020,19/01/2020,19
need,34,11/01/2020,19/01/2020,20
brexit,103,21/01/2020,29/01/2020,1
eu,78,21/01/2020,29/01/2020,2
dont,72,21/01/2020,29/01/2020,3
amp,66,21/01/2020,29/01/2020,4
huawei,64,21/01/2020,29/01/2020,5
like,61,21/01/2020,29/01/2020,6
think,55,21/01/2020,29/01/2020,7
countri,53,21/01/2020,29/01/2020,8
peopl,50,21/01/2020,29/01/2020,9
need,46,21/01/2020,29/01/2020,10
whi,43,21/01/2020,29/01/2020,11
come,42,21/01/2020,29/01/2020,12
deal,41,21/01/2020,29/01/2020,13
know,39,21/01/2020,29/01/2020,14
look,38,21/01/2020,29/01/2020,15
year,38,21/01/2020,29/01/2020,16
5g,37,21/01/2020,29/01/2020,17
want,34,21/01/2020,29/01/2020,18
time,34,21/01/2020,29/01/2020,19
lie,33,21/01/2020,29/01/2020,20
china,13,11/02/2020,19/02/2020,1
prevent,7,11/02/2020,19/02/2020,2
xi,7,11/02/2020,19/02/2020,3
measur,6,11/02/2020,19/02/2020,4
la,6,11/02/2020,19/02/2020,5
visibl,6,11/02/2020,19/02/2020,6
un,5,11/02/2020,19/02/2020,7
spread,5,11/02/2020,19/02/2020,8
time,5,11/02/2020,19/02/2020,9
peopl,5,11/02/2020,19/02/2020,10
chines,5,11/02/2020,19/02/2020,11
crucial,5,11/02/2020,19/02/2020,12
medida,4,11/02/2020,19/02/2020,13
el,4,11/02/2020,19/02/2020,14
prime,4,11/02/2020,19/02/2020,15
progress,4,11/02/2020,19/02/2020,16
battl,4,11/02/2020,19/02/2020,17
epidem,4,11/02/2020,19/02/2020,18
de,4,11/02/2020,19/02/2020,19
jinp,4,11/02/2020,19/02/2020,20
peopl,38,21/02/2020,29/02/2020,1
advic,38,21/02/2020,29/02/2020,2
stop,37,21/02/2020,29/02/2020,3
justtheflu,36,21/02/2020,29/02/2020,4
hand,36,21/02/2020,29/02/2020,5
best,32,21/02/2020,29/02/2020,6
wash,31,21/02/2020,29/02/2020,7
govern,27,21/02/2020,29/02/2020,8
2019,27,21/02/2020,29/02/2020,9
amp,26,21/02/2020,29/02/2020,10
virus,21,21/02/2020,29/02/2020,11
health,19,21/02/2020,29/02/2020,12
minist,19,21/02/2020,29/02/2020,13
virius,19,21/02/2020,29/02/2020,14
skynew,18,21/02/2020,29/02/2020,15
bbcnew,18,21/02/2020,29/02/2020,16
vavirus,18,21/02/2020,29/02/2020,17
meet,18,21/02/2020,29/02/2020,18
fact,18,21/02/2020,29/02/2020,19
prime,17,21/02/2020,29/02/2020,20
hand,156,01/03/2020,09/03/2020,1
peopl,140,01/03/2020,09/03/2020,2
govern,114,01/03/2020,09/03/2020,3
plan,90,01/03/2020,09/03/2020,4
like,85,01/03/2020,09/03/2020,5
spread,84,01/03/2020,09/03/2020,6
need,77,01/03/2020,09/03/2020,7
virus,75,01/03/2020,09/03/2020,8
amp,75,01/03/2020,09/03/2020,9
outbreak,67,01/03/2020,09/03/2020,10
case,63,01/03/2020,09/03/2020,11
know,63,01/03/2020,09/03/2020,12
nhs,62,01/03/2020,09/03/2020,13
minist,61,01/03/2020,09/03/2020,14
tackl,58,01/03/2020,09/03/2020,15
news,57,01/03/2020,09/03/2020,16
countri,55,01/03/2020,09/03/2020,17
shake,55,01/03/2020,09/03/2020,18
wash,54,01/03/2020,09/03/2020,19
dont,54,01/03/2020,09/03/2020,20
test,220,11/03/2020,19/03/2020,1
peopl,163,11/03/2020,19/03/2020,2
sign,118,11/03/2020,19/03/2020,3
petit,117,11/03/2020,19/03/2020,4
nhs,111,11/03/2020,19/03/2020,5
school,106,11/03/2020,19/03/2020,6
amp,106,11/03/2020,19/03/2020,7
need,95,11/03/2020,19/03/2020,8
protect,93,11/03/2020,19/03/2020,9
de,83,11/03/2020,19/03/2020,10
close,68,11/03/2020,19/03/2020,11
staff,64,11/03/2020,19/03/2020,12
whi,63,11/03/2020,19/03/2020,13
work,62,11/03/2020,19/03/2020,14
help,61,11/03/2020,19/03/2020,15
follow,59,11/03/2020,19/03/2020,16
countri,56,11/03/2020,19/03/2020,17
govern,53,11/03/2020,19/03/2020,18
closur,52,11/03/2020,19/03/2020,19
like,51,11/03/2020,19/03/2020,20
test,203,21/03/2020,29/03/2020,1
posit,126,21/03/2020,29/03/2020,2
peopl,113,21/03/2020,29/03/2020,3
de,92,21/03/2020,29/03/2020,4
minist,88,21/03/2020,29/03/2020,5
sign,88,21/03/2020,29/03/2020,6
amp,87,21/03/2020,29/03/2020,7
petit,86,21/03/2020,29/03/2020,8
accus,79,21/03/2020,29/03/2020,9
complac,76,21/03/2020,29/03/2020,10
nonchal,75,21/03/2020,29/03/2020,11
que,71,21/03/2020,29/03/2020,12
prime,68,21/03/2020,29/03/2020,13
nhs,67,21/03/2020,29/03/2020,14
whi,62,21/03/2020,29/03/2020,15
govern,59,21/03/2020,29/03/2020,16
positivo,57,21/03/2020,29/03/2020,17
health,56,21/03/2020,29/03/2020,18
death,56,21/03/2020,29/03/2020,19
el,55,21/03/2020,29/03/2020,20
de,274,01/04/2020,09/04/2020,1
care,200,01/04/2020,09/04/2020,2
intens,182,01/04/2020,09/04/2020,3
en,165,01/04/2020,09/04/2020,4
minist,150,01/04/2020,09/04/2020,5
el,128,01/04/2020,09/04/2020,6
prime,120,01/04/2020,09/04/2020,7
respond,110,01/04/2020,09/04/2020,8
hospit,107,01/04/2020,09/04/2020,9
la,99,01/04/2020,09/04/2020,10
que,97,01/04/2020,09/04/2020,11
british,90,01/04/2020,09/04/2020,12
o,87,01/04/2020,09/04/2020,13
pm,85,01/04/2020,09/04/2020,14
se,77,01/04/2020,09/04/2020,15
por,77,01/04/2020,09/04/2020,16
treatment,76,01/04/2020,09/04/2020,17
icu,75,01/04/2020,09/04/2020,18
ministro,74,01/04/2020,09/04/2020,19
improv,73,01/04/2020,09/04/2020,20
amp,158,11/04/2020,19/04/2020,1
govern,131,11/04/2020,19/04/2020,2
nhs,129,11/04/2020,19/04/2020,3
peopl,114,11/04/2020,19/04/2020,4
death,107,11/04/2020,19/04/2020,5
ppe,103,11/04/2020,19/04/2020,6
need,100,11/04/2020,19/04/2020,7
work,75,11/04/2020,19/04/2020,8
countri,75,11/04/2020,19/04/2020,9
whi,73,11/04/2020,19/04/2020,10
hospit,67,11/04/2020,19/04/2020,11
care,66,11/04/2020,19/04/2020,12
die,65,11/04/2020,19/04/2020,13
like,62,11/04/2020,19/04/2020,14
test,59,11/04/2020,19/04/2020,15
live,59,11/04/2020,19/04/2020,16
time,56,11/04/2020,19/04/2020,17
know,54,11/04/2020,19/04/2020,18
lockdown,54,11/04/2020,19/04/2020,19
day,51,11/04/2020,19/04/2020,20
death,245,21/04/2020,29/04/2020,1
care,198,21/04/2020,29/04/2020,2
home,195,21/04/2020,29/04/2020,3
die,167,21/04/2020,29/04/2020,4
peopl,128,21/04/2020,29/04/2020,5
govern,127,21/04/2020,29/04/2020,6
test,126,21/04/2020,29/04/2020,7
hospit,112,21/04/2020,29/04/2020,8
amp,107,21/04/2020,29/04/2020,9
patient,97,21/04/2020,29/04/2020,10
whi,90,21/04/2020,29/04/2020,11
ppe,86,21/04/2020,29/04/2020,12
work,80,21/04/2020,29/04/2020,13
nhs,77,21/04/2020,29/04/2020,14
worker,77,21/04/2020,29/04/2020,15
mani,69,21/04/2020,29/04/2020,16
like,64,21/04/2020,29/04/2020,17
dont,60,21/04/2020,29/04/2020,18
need,59,21/04/2020,29/04/2020,19
silenc,59,21/04/2020,29/04/2020,20
death,250,01/05/2020,09/05/2020,1
lockdown,185,01/05/2020,09/05/2020,2
peopl,179,01/05/2020,09/05/2020,3
die,135,01/05/2020,09/05/2020,4
test,107,01/05/2020,09/05/2020,5
amp,95,01/05/2020,09/05/2020,6
govern,95,01/05/2020,09/05/2020,7
care,86,01/05/2020,09/05/2020,8
dont,85,01/05/2020,09/05/2020,9
home,82,01/05/2020,09/05/2020,10
like,81,01/05/2020,09/05/2020,11
day,77,01/05/2020,09/05/2020,12
hospit,71,01/05/2020,09/05/2020,13
whi,66,01/05/2020,09/05/2020,14
think,66,01/05/2020,09/05/2020,15
live,65,01/05/2020,09/05/2020,16
onli,63,01/05/2020,09/05/2020,17
becaus,60,01/05/2020,09/05/2020,18
work,59,01/05/2020,09/05/2020,19
world,57,01/05/2020,09/05/2020,20
death,155,11/05/2020,19/05/2020,1
amp,133,11/05/2020,19/05/2020,2
peopl,119,11/05/2020,19/05/2020,3
care,98,11/05/2020,19/05/2020,4
home,98,11/05/2020,19/05/2020,5
die,91,11/05/2020,19/05/2020,6
pandem,86,11/05/2020,19/05/2020,7
govern,79,11/05/2020,19/05/2020,8
patient,78,11/05/2020,19/05/2020,9
public,75,11/05/2020,19/05/2020,10
lockdown,72,11/05/2020,19/05/2020,11
whi,72,11/05/2020,19/05/2020,12
test,71,11/05/2020,19/05/2020,13
onli,71,11/05/2020,19/05/2020,14
vaccin,67,11/05/2020,19/05/2020,15
countri,67,11/05/2020,19/05/2020,16
hand,66,11/05/2020,19/05/2020,17
handl,64,11/05/2020,19/05/2020,18
dont,61,11/05/2020,19/05/2020,19
trump,60,11/05/2020,19/05/2020,20
peopl,190,21/05/2020,29/05/2020,1
death,185,21/05/2020,29/05/2020,2
cum,142,21/05/2020,29/05/2020,3
amp,114,21/05/2020,29/05/2020,4
help,113,21/05/2020,29/05/2020,5
need,100,21/05/2020,29/05/2020,6
decis,98,21/05/2020,29/05/2020,7
dont,94,21/05/2020,29/05/2020,8
lockdown,93,21/05/2020,29/05/2020,9
question,91,21/05/2020,29/05/2020,10
test,79,21/05/2020,29/05/2020,11
said,77,21/05/2020,29/05/2020,12
whi,69,21/05/2020,29/05/2020,13
govern,68,21/05/2020,29/05/2020,14
home,68,21/05/2020,29/05/2020,15
isnt,67,21/05/2020,29/05/2020,16
die,67,21/05/2020,29/05/2020,17
public,65,21/05/2020,29/05/2020,18
crisi,64,21/05/2020,29/05/2020,19
world,56,21/05/2020,29/05/2020,20
death,232,01/06/2020,09/06/2020,1
peopl,144,01/06/2020,09/06/2020,2
amp,106,01/06/2020,09/06/2020,3
govern,103,01/06/2020,09/06/2020,4
new,95,01/06/2020,09/06/2020,5
like,85,01/06/2020,09/06/2020,6
protest,80,01/06/2020,09/06/2020,7
countri,79,01/06/2020,09/06/2020,8
live,78,01/06/2020,09/06/2020,9
whi,77,01/06/2020,09/06/2020,10
respons,71,01/06/2020,09/06/2020,11
brexit,66,01/06/2020,09/06/2020,12
becaus,65,01/06/2020,09/06/2020,13
need,65,01/06/2020,09/06/2020,14
account,64,01/06/2020,09/06/2020,15
dont,62,01/06/2020,09/06/2020,16
polic,58,01/06/2020,09/06/2020,17
onli,58,01/06/2020,09/06/2020,18
rate,57,01/06/2020,09/06/2020,19
die,57,01/06/2020,09/06/2020,20
death,141,11/06/2020,19/06/2020,1
amp,96,11/06/2020,19/06/2020,2
peopl,94,11/06/2020,19/06/2020,3
world,89,11/06/2020,19/06/2020,4
govern,76,11/06/2020,19/06/2020,5
brexit,67,11/06/2020,19/06/2020,6
school,67,11/06/2020,19/06/2020,7
new,59,11/06/2020,19/06/2020,8
sign,57,11/06/2020,19/06/2020,9
whi,56,11/06/2020,19/06/2020,10
includ,54,11/06/2020,19/06/2020,11
announc,54,11/06/2020,19/06/2020,12
petit,53,11/06/2020,19/06/2020,13
work,53,11/06/2020,19/06/2020,14
countri,52,11/06/2020,19/06/2020,15
need,52,11/06/2020,19/06/2020,16
dont,52,11/06/2020,19/06/2020,17
die,51,11/06/2020,19/06/2020,18
use,50,11/06/2020,19/06/2020,19
becaus,47,11/06/2020,19/06/2020,20
peopl,156,21/06/2020,29/06/2020,1
death,147,21/06/2020,29/06/2020,2
amp,141,21/06/2020,29/06/2020,3
govern,88,21/06/2020,29/06/2020,4
like,77,21/06/2020,29/06/2020,5
think,76,21/06/2020,29/06/2020,6
die,75,21/06/2020,29/06/2020,7
need,75,21/06/2020,29/06/2020,8
dont,72,21/06/2020,29/06/2020,9
case,69,21/06/2020,29/06/2020,10
whi,67,21/06/2020,29/06/2020,11
brexit,65,21/06/2020,29/06/2020,12
time,63,21/06/2020,29/06/2020,13
countri,61,21/06/2020,29/06/2020,14
infect,57,21/06/2020,29/06/2020,15
work,56,21/06/2020,29/06/2020,16
lockdown,53,21/06/2020,29/06/2020,17
respons,52,21/06/2020,29/06/2020,18
come,50,21/06/2020,29/06/2020,19
virus,47,21/06/2020,29/06/2020,20
care,291,01/07/2020,09/07/2020,1
home,244,01/07/2020,09/07/2020,2
death,159,01/07/2020,09/07/2020,3
peopl,138,01/07/2020,09/07/2020,4
test,134,01/07/2020,09/07/2020,5
hospit,123,01/07/2020,09/07/2020,6
nhs,120,01/07/2020,09/07/2020,7
blame,120,01/07/2020,09/07/2020,8
govern,104,01/07/2020,09/07/2020,9
de,103,01/07/2020,09/07/2020,10
amp,103,01/07/2020,09/07/2020,11
staff,89,01/07/2020,09/07/2020,12
patient,84,01/07/2020,09/07/2020,13
work,75,01/07/2020,09/07/2020,14
park,64,01/07/2020,09/07/2020,15
que,63,01/07/2020,09/07/2020,16
worker,62,01/07/2020,09/07/2020,17
didnt,62,01/07/2020,09/07/2020,18
whi,62,01/07/2020,09/07/2020,19
need,62,01/07/2020,09/07/2020,20
death,251,11/07/2020,19/07/2020,1
peopl,137,11/07/2020,19/07/2020,2
amp,120,11/07/2020,19/07/2020,3
die,101,11/07/2020,19/07/2020,4
govern,86,11/07/2020,19/07/2020,5
like,80,11/07/2020,19/07/2020,6
normal,74,11/07/2020,19/07/2020,7
de,71,11/07/2020,19/07/2020,8
need,66,11/07/2020,19/07/2020,9
christma,63,11/07/2020,19/07/2020,10
time,61,11/07/2020,19/07/2020,11
work,59,11/07/2020,19/07/2020,12
plan,58,11/07/2020,19/07/2020,13
dont,58,11/07/2020,19/07/2020,14
whi,57,11/07/2020,19/07/2020,15
test,55,11/07/2020,19/07/2020,16
know,55,11/07/2020,19/07/2020,17
respons,52,11/07/2020,19/07/2020,18
nhs,52,11/07/2020,19/07/2020,19
new,52,11/07/2020,19/07/2020,20
de,141,21/07/2020,29/07/2020,1
wave,134,21/07/2020,29/07/2020,2
peopl,128,21/07/2020,29/07/2020,3
second,126,21/07/2020,29/07/2020,4
obes,123,21/07/2020,29/07/2020,5
europ,112,21/07/2020,29/07/2020,6
spain,82,21/07/2020,29/07/2020,7
death,81,21/07/2020,29/07/2020,8
la,80,21/07/2020,29/07/2020,9
amp,75,21/07/2020,29/07/2020,10
govern,69,21/07/2020,29/07/2020,11
weight,68,21/07/2020,29/07/2020,12
minist,63,21/07/2020,29/07/2020,13
quarantin,63,21/07/2020,29/07/2020,14
que,61,21/07/2020,29/07/2020,15
prime,59,21/07/2020,29/07/2020,16
whi,58,21/07/2020,29/07/2020,17
test,58,21/07/2020,29/07/2020,18
en,57,21/07/2020,29/07/2020,19
pm,57,21/07/2020,29/07/2020,20
peopl,130,01/08/2020,09/08/2020,1
amp,107,01/08/2020,09/08/2020,2
death,83,01/08/2020,09/08/2020,3
govern,79,01/08/2020,09/08/2020,4
grip,79,01/08/2020,09/08/2020,5
guardian,76,01/08/2020,09/08/2020,6
view,72,01/08/2020,09/08/2020,7
need,70,01/08/2020,09/08/2020,8
whi,67,01/08/2020,09/08/2020,9
lockdown,67,01/08/2020,09/08/2020,10
test,67,01/08/2020,09/08/2020,11
like,66,01/08/2020,09/08/2020,12
dont,65,01/08/2020,09/08/2020,13
work,59,01/08/2020,09/08/2020,14
mask,58,01/08/2020,09/08/2020,15
brexit,56,01/08/2020,09/08/2020,16
countri,53,01/08/2020,09/08/2020,17
time,52,01/08/2020,09/08/2020,18
know,52,01/08/2020,09/08/2020,19
come,52,01/08/2020,09/08/2020,20
amp,144,11/08/2020,19/08/2020,1
peopl,127,11/08/2020,19/08/2020,2
death,127,11/08/2020,19/08/2020,3
govern,123,11/08/2020,19/08/2020,4
need,101,11/08/2020,19/08/2020,5
brexit,93,11/08/2020,19/08/2020,6
dont,89,11/08/2020,19/08/2020,7
test,77,11/08/2020,19/08/2020,8
whi,75,11/08/2020,19/08/2020,9
time,74,11/08/2020,19/08/2020,10
exam,69,11/08/2020,19/08/2020,11
work,66,11/08/2020,19/08/2020,12
result,63,11/08/2020,19/08/2020,13
ani,60,11/08/2020,19/08/2020,14
respons,60,11/08/2020,19/08/2020,15
know,59,11/08/2020,19/08/2020,16
mask,59,11/08/2020,19/08/2020,17
die,59,11/08/2020,19/08/2020,18
year,58,11/08/2020,19/08/2020,19
like,55,11/08/2020,19/08/2020,20
peopl,142,21/08/2020,29/08/2020,1
amp,136,21/08/2020,29/08/2020,2
death,120,21/08/2020,29/08/2020,3
school,101,21/08/2020,29/08/2020,4
govern,78,21/08/2020,29/08/2020,5
work,77,21/08/2020,29/08/2020,6
like,76,21/08/2020,29/08/2020,7
whi,70,21/08/2020,29/08/2020,8
test,70,21/08/2020,29/08/2020,9
mask,68,21/08/2020,29/08/2020,10
die,68,21/08/2020,29/08/2020,11
need,65,21/08/2020,29/08/2020,12
brexit,61,21/08/2020,29/08/2020,13
becaus,60,21/08/2020,29/08/2020,14
case,59,21/08/2020,29/08/2020,15
dont,58,21/08/2020,29/08/2020,16
year,57,21/08/2020,29/08/2020,17
pm,55,21/08/2020,29/08/2020,18
time,54,21/08/2020,29/08/2020,19
home,52,21/08/2020,29/08/2020,20
test,194,01/09/2020,09/09/2020,1
peopl,175,01/09/2020,09/09/2020,2
whi,148,01/09/2020,09/09/2020,3
school,121,01/09/2020,09/09/2020,4
amp,104,01/09/2020,09/09/2020,5
govern,94,01/09/2020,09/09/2020,6
brexit,87,01/09/2020,09/09/2020,7
death,86,01/09/2020,09/09/2020,8
case,83,01/09/2020,09/09/2020,9
new,75,01/09/2020,09/09/2020,10
need,75,01/09/2020,09/09/2020,11
know,73,01/09/2020,09/09/2020,12
like,72,01/09/2020,09/09/2020,13
dont,69,01/09/2020,09/09/2020,14
day,58,01/09/2020,09/09/2020,15
time,57,01/09/2020,09/09/2020,16
work,57,01/09/2020,09/09/2020,17
lockdown,54,01/09/2020,09/09/2020,18
restrict,53,01/09/2020,09/09/2020,19
week,51,01/09/2020,09/09/2020,20
wave,587,11/09/2020,19/09/2020,1
second,566,11/09/2020,19/09/2020,2
hit,308,11/09/2020,19/09/2020,3
news,216,11/09/2020,19/09/2020,4
bbc,197,11/09/2020,19/09/2020,5
come,153,11/09/2020,19/09/2020,6
peopl,139,11/09/2020,19/09/2020,7
test,134,11/09/2020,19/09/2020,8
lockdown,105,11/09/2020,19/09/2020,9
inevit,96,11/09/2020,19/09/2020,10
govern,88,11/09/2020,19/09/2020,11
amp,88,11/09/2020,19/09/2020,12
pm,80,11/09/2020,19/09/2020,13
countri,78,11/09/2020,19/09/2020,14
need,66,11/09/2020,19/09/2020,15
minist,64,11/09/2020,19/09/2020,16
said,64,11/09/2020,19/09/2020,17
prime,62,11/09/2020,19/09/2020,18
onli,61,11/09/2020,19/09/2020,19
death,60,11/09/2020,19/09/2020,20
govern,291,21/09/2020,29/09/2020,1
onli,260,21/09/2020,29/09/2020,2
mani,241,21/09/2020,29/09/2020,3
rate,230,21/09/2020,29/09/2020,4
dictat,224,21/09/2020,29/09/2020,5
interact,224,21/09/2020,29/09/2020,6
recoveri,223,21/09/2020,29/09/2020,7
genuin,221,21/09/2020,29/09/2020,8
peopl,220,21/09/2020,29/09/2020,9
worri,220,21/09/2020,29/09/2020,10
overreach,216,21/09/2020,29/09/2020,11
dystopian,216,21/09/2020,29/09/2020,12
995,216,21/09/2020,29/09/2020,13
new,178,21/09/2020,29/09/2020,14
normal,152,21/09/2020,29/09/2020,15
far,129,21/09/2020,29/09/2020,16
human,104,21/09/2020,29/09/2020,17
condit,98,21/09/2020,29/09/2020,18
think,95,21/09/2020,29/09/2020,19
countri,94,21/09/2020,29/09/2020,20
govern,196,01/10/2020,09/10/2020,1
right,179,01/10/2020,09/10/2020,2
peopl,178,01/10/2020,09/10/2020,3
great,173,01/10/2020,09/10/2020,4
onli,168,01/10/2020,09/10/2020,5
reset,166,01/10/2020,09/10/2020,6
britain,165,01/10/2020,09/10/2020,7
mani,165,01/10/2020,09/10/2020,8
conspiraci,162,01/10/2020,09/10/2020,9
announc,161,01/10/2020,09/10/2020,10
theorist,160,01/10/2020,09/10/2020,11
amp,149,01/10/2020,09/10/2020,12
rate,148,01/10/2020,09/10/2020,13
worri,138,01/10/2020,09/10/2020,14
new,138,01/10/2020,09/10/2020,15
recoveri,135,01/10/2020,09/10/2020,16
dystopian,130,01/10/2020,09/10/2020,17
dictat,130,01/10/2020,09/10/2020,18
995,129,01/10/2020,09/10/2020,19
interact,129,01/10/2020,09/10/2020,20
govern,237,11/10/2020,19/10/2020,1
onli,205,11/10/2020,19/10/2020,2
peopl,192,11/10/2020,19/10/2020,3
mani,190,11/10/2020,19/10/2020,4
rate,187,11/10/2020,19/10/2020,5
worri,174,11/10/2020,19/10/2020,6
genuin,173,11/10/2020,19/10/2020,7
dictat,172,11/10/2020,19/10/2020,8
interact,170,11/10/2020,19/10/2020,9
overreach,169,11/10/2020,19/10/2020,10
recoveri,169,11/10/2020,19/10/2020,11
995,169,11/10/2020,19/10/2020,12
dystopian,169,11/10/2020,19/10/2020,13
new,168,11/10/2020,19/10/2020,14
death,153,11/10/2020,19/10/2020,15
normal,126,11/10/2020,19/10/2020,16
far,111,11/10/2020,19/10/2020,17
manchest,106,11/10/2020,19/10/2020,18
amp,100,11/10/2020,19/10/2020,19
human,98,11/10/2020,19/10/2020,20
peopl,234,21/10/2020,29/10/2020,1
death,228,21/10/2020,29/10/2020,2
lockdown,201,21/10/2020,29/10/2020,3
mani,158,21/10/2020,29/10/2020,4
govern,146,21/10/2020,29/10/2020,5
onli,139,21/10/2020,29/10/2020,6
die,117,21/10/2020,29/10/2020,7
amp,115,21/10/2020,29/10/2020,8
rate,105,21/10/2020,29/10/2020,9
new,98,21/10/2020,29/10/2020,10
worri,93,21/10/2020,29/10/2020,11
test,91,21/10/2020,29/10/2020,12
recoveri,91,21/10/2020,29/10/2020,13
normal,90,21/10/2020,29/10/2020,14
genuin,89,21/10/2020,29/10/2020,15
dictat,88,21/10/2020,29/10/2020,16
overreach,87,21/10/2020,29/10/2020,17
995,87,21/10/2020,29/10/2020,18
dystopian,87,21/10/2020,29/10/2020,19
interact,87,21/10/2020,29/10/2020,20
govern,186,01/11/2020,09/11/2020,1
mani,185,01/11/2020,09/11/2020,2
peopl,174,01/11/2020,09/11/2020,3
onli,173,01/11/2020,09/11/2020,4
data,155,01/11/2020,09/11/2020,5
rate,150,01/11/2020,09/11/2020,6
risk,144,01/11/2020,09/11/2020,7
tell,143,01/11/2020,09/11/2020,8
worri,142,01/11/2020,09/11/2020,9
exagger,142,01/11/2020,09/11/2020,10
genuin,141,01/11/2020,09/11/2020,11
dictat,141,01/11/2020,09/11/2020,12
995,139,01/11/2020,09/11/2020,13
recoveri,138,01/11/2020,09/11/2020,14
dystopian,137,01/11/2020,09/11/2020,15
overreach,137,01/11/2020,09/11/2020,16
interact,137,01/11/2020,09/11/2020,17
academ,135,01/11/2020,09/11/2020,18
lockdown,135,01/11/2020,09/11/2020,19
normal,107,01/11/2020,09/11/2020,20
peopl,339,11/11/2020,19/11/2020,1
million,193,11/11/2020,19/11/2020,2
im,184,11/11/2020,19/11/2020,3
want,184,11/11/2020,19/11/2020,4
pleas,182,11/11/2020,19/11/2020,5
tell,174,11/11/2020,19/11/2020,6
spend,174,11/11/2020,19/11/2020,7
promis,173,11/11/2020,19/11/2020,8
wont,172,11/11/2020,19/11/2020,9
break,172,11/11/2020,19/11/2020,10
poverti,170,11/11/2020,19/11/2020,11
aid,170,11/11/2020,19/11/2020,12
import,169,11/11/2020,19/11/2020,13
push,168,11/11/2020,19/11/2020,14
report,166,11/11/2020,19/11/2020,15
extrem,165,11/11/2020,19/11/2020,16
150,165,11/11/2020,19/11/2020,17
threaten,165,11/11/2020,19/11/2020,18
aid,164,11/11/2020,19/11/2020,19
7,163,11/11/2020,19/11/2020,20
peopl,194,21/11/2020,29/11/2020,1
tier,177,21/11/2020,29/11/2020,2
vaccin,163,21/11/2020,29/11/2020,3
govern,160,21/11/2020,29/11/2020,4
onli,143,21/11/2020,29/11/2020,5
tori,141,21/11/2020,29/11/2020,6
restrict,130,21/11/2020,29/11/2020,7
mani,128,21/11/2020,29/11/2020,8
mps,120,21/11/2020,29/11/2020,9
rate,119,21/11/2020,29/11/2020,10
recoveri,111,21/11/2020,29/11/2020,11
worri,110,21/11/2020,29/11/2020,12
dictat,110,21/11/2020,29/11/2020,13
new,108,21/11/2020,29/11/2020,14
genuin,108,21/11/2020,29/11/2020,15
995,107,21/11/2020,29/11/2020,16
interact,107,21/11/2020,29/11/2020,17
overreach,107,21/11/2020,29/11/2020,18
dystopian,107,21/11/2020,29/11/2020,19
think,103,21/11/2020,29/11/2020,20
vaccin,426,01/12/2020,09/12/2020,1
peopl,191,01/12/2020,09/12/2020,2
restrict,157,01/12/2020,09/12/2020,3
death,130,01/12/2020,09/12/2020,4
govern,125,01/12/2020,09/12/2020,5
onli,115,01/12/2020,09/12/2020,6
mani,114,01/12/2020,09/12/2020,7
rate,106,01/12/2020,09/12/2020,8
de,100,01/12/2020,09/12/2020,9
die,97,01/12/2020,09/12/2020,10
dystopian,97,01/12/2020,09/12/2020,11
countri,94,01/12/2020,09/12/2020,12
mps,93,01/12/2020,09/12/2020,13
recoveri,90,01/12/2020,09/12/2020,14
worri,90,01/12/2020,09/12/2020,15
genuin,89,01/12/2020,09/12/2020,16
interact,89,01/12/2020,09/12/2020,17
dictat,88,01/12/2020,09/12/2020,18
995,88,01/12/2020,09/12/2020,19
overreach,88,01/12/2020,09/12/2020,20
lockdown,300,11/12/2020,19/12/2020,1
nation,210,11/12/2020,19/12/2020,2
hope,191,11/12/2020,19/12/2020,3
avoid,178,11/12/2020,19/12/2020,4
peopl,148,11/12/2020,19/12/2020,5
christma,119,11/12/2020,19/12/2020,6
new,117,11/12/2020,19/12/2020,7
time,108,11/12/2020,19/12/2020,8
rate,101,11/12/2020,19/12/2020,9
restrict,99,11/12/2020,19/12/2020,10
rule,98,11/12/2020,19/12/2020,11
know,96,11/12/2020,19/12/2020,12
govern,92,11/12/2020,19/12/2020,13
mani,89,11/12/2020,19/12/2020,14
onli,87,11/12/2020,19/12/2020,15
amp,76,11/12/2020,19/12/2020,16
dystopian,69,11/12/2020,19/12/2020,17
worri,69,11/12/2020,19/12/2020,18
think,66,11/12/2020,19/12/2020,19
brexit,65,11/12/2020,19/12/2020,20
restrict,206,21/12/2020,29/12/2020,1
peopl,182,21/12/2020,29/12/2020,2
govern,173,21/12/2020,29/12/2020,3
new,169,21/12/2020,29/12/2020,4
onli,157,21/12/2020,29/12/2020,5
mani,155,21/12/2020,29/12/2020,6
school,149,21/12/2020,29/12/2020,7
countri,135,21/12/2020,29/12/2020,8
dystopian,125,21/12/2020,29/12/2020,9
rate,123,21/12/2020,29/12/2020,10
mps,122,21/12/2020,29/12/2020,11
worri,119,21/12/2020,29/12/2020,12
mp,116,21/12/2020,29/12/2020,13
far,113,21/12/2020,29/12/2020,14
amp,111,21/12/2020,29/12/2020,15
recoveri,109,21/12/2020,29/12/2020,16
genuin,109,21/12/2020,29/12/2020,17
overreach,108,21/12/2020,29/12/2020,18
dictat,108,21/12/2020,29/12/2020,19
interact,108,21/12/2020,29/12/2020,20
